CustomerID,Tenure,MonthlyCharges,TotalCharges,Contract,PaymentMethod,PaperlessBilling,SeniorCitizen,Churn,Avg_Monthly_Spend
C00001,6,64,1540,One year,Credit Card,No,1,0,220.0
C00002,21,113,1753,Month-to-month,Electronic Check,Yes,1,0,79.68181818181819
C00003,27,31,1455,Two year,Credit Card,No,1,0,51.964285714285715
C00004,53,29,7150,Month-to-month,Electronic Check,No,1,0,132.40740740740742
C00005,16,185,1023,One year,Electronic Check,No,1,0,60.1764705882353
C00006,55,44,7538,Two year,Electronic Check,No,0,0,134.60714285714286
C00007,66,99,4178,Two year,Bank Transfer,No,1,0,62.35820895522388
C00008,61,128,3088,Month-to-month,Bank Transfer,No,1,0,49.806451612903224
C00009,64,124,7973,Month-to-month,Credit Card,No,1,0,122.66153846153846
C00010,14,120,5844,One year,Bank Transfer,Yes,1,0,389.6
C00011,59,57,5168,One year,Credit Card,Yes,0,0,86.13333333333334
C00012,7,110,7282,Month-to-month,Electronic Check,No,1,1,910.25
C00013,53,86,3438,Month-to-month,Bank Transfer,Yes,1,0,63.666666666666664
C00014,8,158,6194,Month-to-month,Credit Card,No,1,1,688.2222222222222
C00015,53,58,768,Month-to-month,Credit Card,Yes,1,0,14.222222222222221
C00016,65,77,4071,Month-to-month,Credit Card,Yes,1,0,61.68181818181818
C00017,19,187,4874,Two year,Credit Card,No,0,0,243.7
C00018,42,101,3736,One year,Bank Transfer,Yes,0,0,86.88372093023256
C00019,7,156,5389,One year,Bank Transfer,Yes,0,1,673.625
C00020,26,105,6868,Month-to-month,Bank Transfer,Yes,1,0,254.37037037037038
C00021,38,137,1000,Month-to-month,Electronic Check,No,1,0,25.641025641025642
C00022,25,120,4855,Two year,Credit Card,Yes,0,0,186.73076923076923
C00023,60,40,1755,One year,Credit Card,No,1,0,28.770491803278688
C00024,30,100,3710,Two year,Credit Card,No,1,0,119.6774193548387
C00025,25,193,7565,Month-to-month,Bank Transfer,No,0,0,290.96153846153845
C00026,47,181,3295,One year,Credit Card,No,1,0,68.64583333333333
C00027,60,101,3741,Month-to-month,Bank Transfer,No,1,0,61.32786885245902
C00028,20,56,3950,One year,Bank Transfer,No,1,0,188.0952380952381
C00029,36,175,3682,One year,Bank Transfer,No,0,0,99.51351351351352
C00030,34,190,7540,One year,Bank Transfer,No,1,0,215.42857142857142
C00031,28,101,4643,One year,Electronic Check,Yes,1,0,160.10344827586206
C00032,10,196,4825,Month-to-month,Credit Card,Yes,0,1,438.6363636363636
C00033,43,182,7129,One year,Electronic Check,Yes,0,0,162.02272727272728
C00034,32,195,7139,One year,Bank Transfer,Yes,1,0,216.33333333333334
C00035,60,44,1302,One year,Credit Card,No,1,0,21.34426229508197
C00036,50,116,690,Month-to-month,Credit Card,No,1,0,13.529411764705882
C00037,37,42,947,Month-to-month,Electronic Check,No,0,0,24.92105263157895
C00038,62,166,6225,Two year,Electronic Check,Yes,1,0,98.80952380952381
C00039,50,84,858,Month-to-month,Credit Card,No,0,0,16.823529411764707
C00040,26,151,1952,Two year,Electronic Check,No,0,0,72.29629629629629
C00041,42,20,1950,Two year,Credit Card,Yes,1,0,45.348837209302324
C00042,7,148,2701,Two year,Credit Card,Yes,0,0,337.625
C00043,63,89,6547,One year,Electronic Check,Yes,0,0,102.296875
C00044,42,123,3913,Month-to-month,Credit Card,No,1,0,91.0
C00045,34,93,3344,Two year,Credit Card,Yes,0,0,95.54285714285714
C00046,32,170,4773,Two year,Credit Card,No,1,0,144.63636363636363
C00047,22,46,7555,Month-to-month,Bank Transfer,No,1,0,328.4782608695652
C00048,37,162,3735,Month-to-month,Electronic Check,Yes,1,0,98.28947368421052
C00049,56,49,3376,Month-to-month,Bank Transfer,No,0,0,59.228070175438596
C00050,49,121,5161,One year,Bank Transfer,Yes,0,0,103.22
C00051,71,172,416,Month-to-month,Electronic Check,No,1,0,5.777777777777778
C00052,31,154,7537,Two year,Credit Card,Yes,1,0,235.53125
C00053,53,48,1497,One year,Credit Card,No,0,0,27.72222222222222
C00054,49,68,2615,Month-to-month,Bank Transfer,Yes,1,0,52.3
C00055,9,157,7022,Month-to-month,Bank Transfer,No,0,1,702.2
C00056,47,54,6827,Two year,Bank Transfer,Yes,0,0,142.22916666666666
C00057,58,121,3537,One year,Credit Card,No,1,0,59.94915254237288
C00058,59,72,7053,Month-to-month,Bank Transfer,Yes,0,0,117.55
C00059,36,38,3792,One year,Bank Transfer,Yes,1,0,102.48648648648648
C00060,26,182,7074,Month-to-month,Credit Card,No,0,0,262.0
C00061,23,187,5608,Month-to-month,Electronic Check,No,1,0,233.66666666666666
C00062,10,195,4284,Two year,Electronic Check,No,0,1,389.45454545454544
C00063,53,128,5803,One year,Bank Transfer,No,0,0,107.46296296296296
C00064,25,176,4496,One year,Bank Transfer,No,1,0,172.92307692307693
C00065,65,180,4142,One year,Credit Card,Yes,0,0,62.75757575757576
C00066,3,140,2541,One year,Electronic Check,No,1,0,635.25
C00067,53,61,3631,One year,Bank Transfer,No,0,0,67.24074074074075
C00068,62,62,3016,Two year,Credit Card,Yes,0,0,47.87301587301587
C00069,2,102,1333,Two year,Credit Card,Yes,0,1,444.3333333333333
C00070,53,21,6828,One year,Credit Card,No,0,0,126.44444444444444
C00071,69,153,1418,Month-to-month,Electronic Check,No,0,0,20.257142857142856
C00072,68,153,1930,One year,Electronic Check,Yes,0,0,27.971014492753625
C00073,13,125,3696,Two year,Credit Card,No,1,0,264.0
C00074,2,152,2038,Month-to-month,Bank Transfer,No,0,1,679.3333333333334
C00075,70,77,7593,Two year,Electronic Check,Yes,0,0,106.94366197183099
C00076,35,170,936,One year,Bank Transfer,Yes,0,0,26.0
C00077,4,43,7302,Month-to-month,Credit Card,Yes,0,1,1460.4
C00078,41,109,7937,Two year,Bank Transfer,Yes,1,0,188.97619047619048
C00079,8,95,3792,One year,Bank Transfer,Yes,1,0,421.3333333333333
C00080,47,138,6406,Two year,Credit Card,Yes,0,0,133.45833333333334
C00081,35,139,5211,Two year,Bank Transfer,No,0,0,144.75
C00082,30,162,3917,One year,Credit Card,No,0,0,126.35483870967742
C00083,27,142,1908,Two year,Bank Transfer,No,1,0,68.14285714285714
C00084,50,141,4412,Month-to-month,Credit Card,No,0,0,86.50980392156863
C00085,51,136,4725,Two year,Bank Transfer,Yes,1,0,90.86538461538461
C00086,63,29,7685,Two year,Credit Card,Yes,1,0,120.078125
C00087,43,103,2856,One year,Electronic Check,No,1,0,64.9090909090909
C00088,40,108,2650,One year,Electronic Check,No,1,0,64.63414634146342
C00089,41,177,4075,One year,Bank Transfer,Yes,0,0,97.02380952380952
C00090,21,126,7735,One year,Credit Card,Yes,0,0,351.59090909090907
C00091,3,188,2422,Two year,Credit Card,No,1,0,605.5
C00092,42,122,1294,Two year,Bank Transfer,No,0,0,30.093023255813954
C00093,18,29,7469,Month-to-month,Electronic Check,Yes,0,0,393.10526315789474
C00094,55,193,4344,Two year,Bank Transfer,No,1,0,77.57142857142857
C00095,21,140,3171,One year,Electronic Check,No,1,0,144.13636363636363
C00096,20,150,1780,Month-to-month,Electronic Check,Yes,0,0,84.76190476190476
C00097,15,40,510,Month-to-month,Bank Transfer,No,0,0,31.875
C00098,42,172,1168,Month-to-month,Bank Transfer,No,1,0,27.162790697674417
C00099,10,143,3353,Two year,Electronic Check,No,1,1,304.8181818181818
C00100,39,84,7566,One year,Electronic Check,No,1,0,189.15
C00101,66,170,1059,Month-to-month,Electronic Check,No,1,0,15.805970149253731
C00102,50,130,1087,One year,Electronic Check,Yes,1,0,21.313725490196077
C00103,44,78,6369,One year,Bank Transfer,Yes,1,0,141.53333333333333
C00104,7,39,6651,One year,Electronic Check,Yes,1,0,831.375
C00105,3,115,5547,Two year,Bank Transfer,No,0,1,1386.75
C00106,21,75,7026,Two year,Bank Transfer,Yes,1,0,319.3636363636364
C00107,3,59,7111,Month-to-month,Credit Card,Yes,1,1,1777.75
C00108,18,56,7925,One year,Electronic Check,No,0,0,417.10526315789474
C00109,48,152,4042,One year,Electronic Check,Yes,1,0,82.48979591836735
C00110,32,24,2939,Two year,Electronic Check,Yes,1,0,89.06060606060606
C00111,41,88,3461,One year,Bank Transfer,Yes,1,0,82.4047619047619
C00112,55,87,3353,Two year,Credit Card,No,1,0,59.875
C00113,15,102,1746,Month-to-month,Credit Card,No,1,0,109.125
C00114,31,111,2539,Month-to-month,Credit Card,No,0,0,79.34375
C00115,33,160,2315,One year,Bank Transfer,No,0,0,68.08823529411765
C00116,70,164,5320,One year,Credit Card,No,0,0,74.92957746478874
C00117,14,187,2225,Two year,Electronic Check,Yes,0,0,148.33333333333334
C00118,35,98,4023,Two year,Bank Transfer,Yes,0,0,111.75
C00119,56,83,562,Month-to-month,Bank Transfer,Yes,0,0,9.859649122807017
C00120,62,75,2451,One year,Credit Card,No,0,0,38.904761904761905
C00121,30,107,6906,One year,Credit Card,Yes,1,0,222.7741935483871
C00122,15,147,2687,One year,Electronic Check,No,0,0,167.9375
C00123,41,114,2419,Two year,Bank Transfer,No,1,0,57.595238095238095
C00124,27,50,2751,Two year,Electronic Check,Yes,1,0,98.25
C00125,4,177,950,Month-to-month,Credit Card,Yes,0,1,190.0
C00126,62,183,7208,Two year,Electronic Check,Yes,1,0,114.41269841269842
C00127,31,62,5887,One year,Bank Transfer,No,1,0,183.96875
C00128,13,137,7128,One year,Bank Transfer,Yes,0,0,509.14285714285717
C00129,20,179,2692,Month-to-month,Bank Transfer,Yes,1,0,128.1904761904762
C00130,8,174,3979,Two year,Credit Card,Yes,0,1,442.1111111111111
C00131,2,125,7858,Month-to-month,Electronic Check,No,1,1,2619.3333333333335
C00132,3,79,891,Month-to-month,Credit Card,No,1,1,222.75
C00133,48,92,5908,Two year,Bank Transfer,Yes,0,0,120.57142857142857
C00134,15,28,6569,Month-to-month,Credit Card,No,1,0,410.5625
C00135,64,101,5706,Month-to-month,Bank Transfer,Yes,1,0,87.78461538461538
C00136,52,152,4318,Two year,Bank Transfer,Yes,0,0,81.47169811320755
C00137,10,134,4476,Month-to-month,Electronic Check,No,0,1,406.90909090909093
C00138,30,188,4095,Two year,Electronic Check,Yes,0,0,132.09677419354838
C00139,27,67,3567,Month-to-month,Credit Card,Yes,1,0,127.39285714285714
C00140,2,184,5021,One year,Electronic Check,Yes,1,1,1673.6666666666667
C00141,46,112,6817,Two year,Electronic Check,No,0,0,145.04255319148936
C00142,11,115,1713,Two year,Bank Transfer,Yes,1,1,142.75
C00143,64,167,3677,Month-to-month,Bank Transfer,No,0,0,56.56923076923077
C00144,65,47,5540,One year,Bank Transfer,Yes,1,0,83.93939393939394
C00145,21,173,7651,Two year,Bank Transfer,Yes,0,0,347.77272727272725
C00146,29,42,2058,One year,Credit Card,No,1,0,68.6
C00147,6,133,7448,One year,Credit Card,No,0,1,1064.0
C00148,34,24,2004,Two year,Bank Transfer,Yes,1,0,57.25714285714286
C00149,20,114,1250,One year,Bank Transfer,Yes,0,0,59.523809523809526
C00150,42,132,3139,Month-to-month,Electronic Check,No,0,0,73.0
C00151,5,105,5965,One year,Credit Card,No,0,1,994.1666666666666
C00152,45,139,7654,Month-to-month,Credit Card,No,1,0,166.3913043478261
C00153,21,156,6366,Two year,Electronic Check,No,0,0,289.3636363636364
C00154,37,158,3355,Two year,Electronic Check,No,0,0,88.28947368421052
C00155,68,40,5920,Month-to-month,Bank Transfer,Yes,1,0,85.79710144927536
C00156,26,148,4601,One year,Bank Transfer,Yes,0,0,170.40740740740742
C00157,26,78,5632,Two year,Electronic Check,Yes,1,0,208.59259259259258
C00158,1,86,7217,Two year,Bank Transfer,Yes,0,0,3608.5
C00159,47,182,3250,One year,Electronic Check,No,1,0,67.70833333333333
C00160,30,154,4096,One year,Bank Transfer,Yes,0,0,132.1290322580645
C00161,51,78,984,Month-to-month,Electronic Check,Yes,1,0,18.923076923076923
C00162,13,90,347,One year,Electronic Check,Yes,0,0,24.785714285714285
C00163,64,185,3916,One year,Credit Card,Yes,1,0,60.246153846153845
C00164,60,171,220,Month-to-month,Credit Card,No,1,0,3.6065573770491803
C00165,69,48,3419,One year,Bank Transfer,Yes,1,0,48.84285714285714
C00166,40,105,791,One year,Credit Card,Yes,0,0,19.29268292682927
C00167,23,110,6723,Two year,Bank Transfer,Yes,1,0,280.125
C00168,42,80,5832,One year,Electronic Check,No,1,0,135.62790697674419
C00169,13,99,2938,Month-to-month,Credit Card,No,0,0,209.85714285714286
C00170,24,84,6882,One year,Credit Card,Yes,0,0,275.28
C00171,22,61,5363,Two year,Bank Transfer,Yes,1,0,233.17391304347825
C00172,10,115,3717,One year,Electronic Check,Yes,0,1,337.90909090909093
C00173,62,160,1811,Month-to-month,Credit Card,Yes,1,0,28.746031746031747
C00174,5,145,1090,Month-to-month,Credit Card,No,1,1,181.66666666666666
C00175,20,76,6396,Two year,Credit Card,Yes,1,0,304.57142857142856
C00176,68,67,1797,Two year,Electronic Check,No,1,0,26.043478260869566
C00177,42,50,279,One year,Electronic Check,No,0,0,6.488372093023256
C00178,3,180,3232,One year,Bank Transfer,No,0,0,808.0
C00179,68,193,3285,One year,Credit Card,No,0,0,47.608695652173914
C00180,52,39,3233,Two year,Credit Card,Yes,1,0,61.0
C00181,4,135,4742,Month-to-month,Credit Card,No,1,1,948.4
C00182,13,64,4297,Month-to-month,Bank Transfer,Yes,1,0,306.92857142857144
C00183,56,151,735,Two year,Credit Card,Yes,1,0,12.894736842105264
C00184,61,29,2290,One year,Credit Card,Yes,0,0,36.935483870967744
C00185,47,130,2289,Month-to-month,Bank Transfer,Yes,0,0,47.6875
C00186,59,93,7342,Month-to-month,Bank Transfer,No,0,0,122.36666666666666
C00187,47,199,6905,Two year,Electronic Check,Yes,1,0,143.85416666666666
C00188,49,163,3776,One year,Bank Transfer,No,0,0,75.52
C00189,31,100,4971,One year,Electronic Check,Yes,0,0,155.34375
C00190,52,185,7330,Two year,Credit Card,Yes,0,0,138.30188679245282
C00191,46,51,466,One year,Bank Transfer,Yes,0,0,9.914893617021276
C00192,43,31,7992,Month-to-month,Credit Card,No,0,0,181.63636363636363
C00193,65,158,3712,One year,Credit Card,No,0,0,56.24242424242424
C00194,71,138,6231,Month-to-month,Electronic Check,No,0,0,86.54166666666667
C00195,27,121,4317,One year,Bank Transfer,No,0,0,154.17857142857142
C00196,30,133,3029,Month-to-month,Credit Card,Yes,1,0,97.70967741935483
C00197,37,152,2750,One year,Credit Card,No,0,0,72.36842105263158
C00198,37,34,6987,Month-to-month,Electronic Check,No,1,0,183.8684210526316
C00199,3,63,1535,Two year,Electronic Check,No,0,0,383.75
C00200,42,143,7310,One year,Electronic Check,Yes,0,0,170.0
C00201,50,170,3185,Two year,Electronic Check,No,0,0,62.450980392156865
C00202,50,169,159,One year,Bank Transfer,No,0,0,3.1176470588235294
C00203,29,189,5035,One year,Credit Card,Yes,1,0,167.83333333333334
C00204,15,55,5421,Two year,Credit Card,No,0,0,338.8125
C00205,69,40,3396,Month-to-month,Credit Card,Yes,0,0,48.51428571428571
C00206,69,94,5765,Month-to-month,Electronic Check,Yes,0,0,82.35714285714286
C00207,57,32,4351,One year,Bank Transfer,No,0,0,75.01724137931035
C00208,70,171,4801,Month-to-month,Electronic Check,No,0,0,67.61971830985915
C00209,46,199,4023,Month-to-month,Electronic Check,Yes,0,0,85.59574468085107
C00210,65,82,7742,Two year,Credit Card,Yes,0,0,117.3030303030303
C00211,65,113,2956,Month-to-month,Credit Card,Yes,0,0,44.78787878787879
C00212,51,160,4278,Two year,Credit Card,No,1,0,82.26923076923077
C00213,44,59,1893,Month-to-month,Credit Card,Yes,0,0,42.06666666666667
C00214,7,142,3099,Month-to-month,Bank Transfer,No,1,1,387.375
C00215,59,29,1393,One year,Electronic Check,Yes,0,0,23.216666666666665
C00216,8,102,2161,One year,Bank Transfer,Yes,1,0,240.11111111111111
C00217,10,152,5250,Month-to-month,Credit Card,Yes,1,1,477.27272727272725
C00218,67,182,6193,Two year,Bank Transfer,Yes,0,0,91.07352941176471
C00219,45,177,3091,One year,Bank Transfer,No,0,0,67.19565217391305
C00220,33,198,2226,Two year,Bank Transfer,Yes,0,0,65.47058823529412
C00221,57,118,5412,Two year,Credit Card,No,1,0,93.3103448275862
C00222,67,37,1247,Month-to-month,Credit Card,No,1,0,18.33823529411765
C00223,31,70,1256,Month-to-month,Credit Card,No,0,0,39.25
C00224,19,43,6118,One year,Electronic Check,Yes,0,0,305.9
C00225,40,156,7024,One year,Electronic Check,No,0,0,171.3170731707317
C00226,24,142,7012,One year,Credit Card,Yes,0,0,280.48
C00227,57,123,5830,Month-to-month,Bank Transfer,Yes,0,0,100.51724137931035
C00228,53,183,4023,Two year,Electronic Check,Yes,1,0,74.5
C00229,24,32,1635,One year,Bank Transfer,No,1,0,65.4
C00230,32,149,5477,Two year,Bank Transfer,No,1,0,165.96969696969697
C00231,33,99,3225,One year,Credit Card,No,1,0,94.8529411764706
C00232,20,151,2681,One year,Credit Card,No,1,0,127.66666666666667
C00233,12,52,7459,Two year,Electronic Check,No,0,0,573.7692307692307
C00234,61,24,217,One year,Electronic Check,No,1,0,3.5
C00235,65,94,7183,One year,Bank Transfer,No,1,0,108.83333333333333
C00236,13,115,6305,Two year,Credit Card,No,1,0,450.35714285714283
C00237,61,51,810,One year,Bank Transfer,No,0,0,13.064516129032258
C00238,33,151,6705,Month-to-month,Bank Transfer,No,1,0,197.2058823529412
C00239,21,138,6404,Two year,Credit Card,Yes,1,0,291.09090909090907
C00240,56,108,6378,Two year,Bank Transfer,Yes,1,0,111.89473684210526
C00241,69,121,7669,One year,Electronic Check,Yes,0,0,109.55714285714286
C00242,16,196,7704,Two year,Electronic Check,No,0,0,453.1764705882353
C00243,28,33,1099,Two year,Credit Card,No,1,0,37.89655172413793
C00244,53,123,4561,One year,Bank Transfer,Yes,1,0,84.46296296296296
C00245,23,104,2991,Two year,Electronic Check,No,0,0,124.625
C00246,15,60,3032,Month-to-month,Bank Transfer,No,1,0,189.5
C00247,43,130,6856,One year,Bank Transfer,No,0,0,155.8181818181818
C00248,60,48,4747,One year,Bank Transfer,No,1,0,77.81967213114754
C00249,48,79,3083,One year,Bank Transfer,Yes,1,0,62.91836734693877
C00250,58,90,3841,Two year,Electronic Check,No,1,0,65.10169491525424
C00251,24,48,1639,Month-to-month,Electronic Check,Yes,0,0,65.56
C00252,9,138,515,Two year,Credit Card,No,0,1,51.5
C00253,55,71,1965,Two year,Credit Card,Yes,1,0,35.089285714285715
C00254,26,182,3882,Month-to-month,Electronic Check,Yes,0,0,143.77777777777777
C00255,31,88,4230,Two year,Electronic Check,No,1,0,132.1875
C00256,29,178,7961,Two year,Electronic Check,Yes,0,0,265.3666666666667
C00257,65,30,6769,Month-to-month,Credit Card,No,0,0,102.56060606060606
C00258,50,120,1839,Two year,Credit Card,Yes,0,0,36.05882352941177
C00259,54,191,6674,Two year,Credit Card,No,1,0,121.34545454545454
C00260,31,85,1935,One year,Electronic Check,Yes,0,0,60.46875
C00261,49,41,7108,Two year,Bank Transfer,Yes,1,0,142.16
C00262,44,176,4069,Two year,Bank Transfer,No,0,0,90.42222222222222
C00263,1,39,2429,Month-to-month,Credit Card,Yes,1,1,1214.5
C00264,71,156,812,One year,Credit Card,No,0,0,11.277777777777779
C00265,34,172,1619,Two year,Electronic Check,Yes,1,0,46.25714285714286
C00266,6,115,1677,Two year,Bank Transfer,Yes,1,0,239.57142857142858
C00267,29,92,1792,Month-to-month,Credit Card,Yes,0,0,59.733333333333334
C00268,69,177,2153,Two year,Bank Transfer,No,0,0,30.757142857142856
C00269,19,63,1186,Two year,Electronic Check,No,1,0,59.3
C00270,43,81,7187,Two year,Credit Card,No,1,0,163.3409090909091
C00271,8,160,7182,Month-to-month,Bank Transfer,No,1,1,798.0
C00272,43,85,6192,One year,Credit Card,Yes,1,0,140.72727272727272
C00273,29,64,6131,One year,Electronic Check,Yes,0,0,204.36666666666667
C00274,67,142,1008,Month-to-month,Electronic Check,No,1,0,14.823529411764707
C00275,66,196,2989,Month-to-month,Electronic Check,No,0,0,44.61194029850746
C00276,49,94,4521,One year,Bank Transfer,Yes,1,0,90.42
C00277,58,174,1493,Two year,Credit Card,No,0,0,25.305084745762713
C00278,3,72,4282,One year,Credit Card,Yes,0,0,1070.5
C00279,66,128,7087,One year,Electronic Check,No,1,0,105.77611940298507
C00280,57,43,6209,Two year,Bank Transfer,No,1,0,107.05172413793103
C00281,17,25,7759,Two year,Credit Card,No,1,0,431.05555555555554
C00282,18,158,7475,Two year,Electronic Check,Yes,0,0,393.42105263157896
C00283,2,56,7493,Month-to-month,Electronic Check,No,1,1,2497.6666666666665
C00284,13,94,261,Month-to-month,Bank Transfer,Yes,0,0,18.642857142857142
C00285,26,171,6538,Two year,Credit Card,Yes,0,0,242.14814814814815
C00286,48,80,6186,Month-to-month,Electronic Check,Yes,1,0,126.24489795918367
C00287,11,60,627,One year,Electronic Check,No,0,0,52.25
C00288,42,83,1173,One year,Bank Transfer,Yes,0,0,27.27906976744186
C00289,22,58,6472,One year,Electronic Check,No,1,0,281.39130434782606
C00290,57,123,5518,One year,Credit Card,Yes,1,0,95.13793103448276
C00291,63,177,5573,One year,Credit Card,Yes,0,0,87.078125
C00292,65,59,6420,Two year,Credit Card,No,0,0,97.27272727272727
C00293,13,140,727,One year,Bank Transfer,Yes,0,0,51.92857142857143
C00294,70,128,5423,Month-to-month,Bank Transfer,Yes,0,0,76.38028169014085
C00295,6,59,6657,Two year,Credit Card,No,0,0,951.0
C00296,66,44,1995,One year,Electronic Check,Yes,0,0,29.776119402985074
C00297,15,163,4659,Month-to-month,Credit Card,No,0,0,291.1875
C00298,66,136,7139,Month-to-month,Bank Transfer,No,0,0,106.55223880597015
C00299,47,193,5219,Two year,Credit Card,No,1,0,108.72916666666667
C00300,26,93,3151,One year,Electronic Check,Yes,0,0,116.70370370370371
C00301,14,176,5655,One year,Credit Card,Yes,1,0,377.0
C00302,65,84,1193,Month-to-month,Electronic Check,No,1,0,18.075757575757574
C00303,58,128,7204,Month-to-month,Bank Transfer,Yes,0,0,122.10169491525424
C00304,21,179,840,One year,Bank Transfer,Yes,1,0,38.18181818181818
C00305,61,61,7474,Month-to-month,Credit Card,No,1,0,120.54838709677419
C00306,11,88,7410,One year,Credit Card,No,0,0,617.5
C00307,20,107,2288,Two year,Bank Transfer,Yes,1,0,108.95238095238095
C00308,55,169,1513,Two year,Electronic Check,No,0,0,27.017857142857142
C00309,9,149,1431,Month-to-month,Electronic Check,No,0,1,143.1
C00310,41,98,7631,One year,Bank Transfer,Yes,0,0,181.6904761904762
C00311,58,72,6062,Month-to-month,Bank Transfer,No,0,0,102.7457627118644
C00312,61,177,5838,Month-to-month,Credit Card,Yes,1,0,94.16129032258064
C00313,32,100,7901,One year,Credit Card,Yes,0,0,239.42424242424244
C00314,46,192,169,Month-to-month,Bank Transfer,Yes,0,0,3.595744680851064
C00315,28,185,4320,One year,Credit Card,No,0,0,148.9655172413793
C00316,39,166,805,One year,Credit Card,No,1,0,20.125
C00317,61,99,6541,Month-to-month,Electronic Check,No,0,0,105.5
C00318,38,63,5531,Month-to-month,Electronic Check,No,1,0,141.82051282051282
C00319,34,90,7911,Month-to-month,Electronic Check,No,0,0,226.02857142857144
C00320,43,63,4351,Two year,Bank Transfer,Yes,0,0,98.88636363636364
C00321,25,156,3381,One year,Bank Transfer,No,1,0,130.03846153846155
C00322,52,60,2095,Two year,Bank Transfer,Yes,1,0,39.528301886792455
C00323,18,147,2845,Month-to-month,Bank Transfer,Yes,0,0,149.73684210526315
C00324,9,55,4064,Month-to-month,Bank Transfer,Yes,0,1,406.4
C00325,57,80,177,One year,Credit Card,No,0,0,3.0517241379310347
C00326,45,125,5533,One year,Credit Card,No,0,0,120.28260869565217
C00327,51,98,6795,Two year,Credit Card,Yes,1,0,130.67307692307693
C00328,57,115,7867,Month-to-month,Electronic Check,Yes,0,0,135.63793103448276
C00329,29,90,2039,One year,Credit Card,No,0,0,67.96666666666667
C00330,50,151,3525,One year,Electronic Check,Yes,0,0,69.11764705882354
C00331,25,180,6676,Two year,Electronic Check,No,1,0,256.7692307692308
C00332,55,84,4026,Month-to-month,Credit Card,Yes,0,0,71.89285714285714
C00333,31,40,7644,One year,Credit Card,No,0,0,238.875
C00334,11,185,7387,One year,Bank Transfer,Yes,0,0,615.5833333333334
C00335,43,70,1690,Month-to-month,Bank Transfer,No,1,0,38.40909090909091
C00336,18,188,2878,Month-to-month,Electronic Check,No,0,0,151.47368421052633
C00337,9,24,3090,Two year,Electronic Check,No,1,0,309.0
C00338,6,161,458,Month-to-month,Electronic Check,Yes,0,1,65.42857142857143
C00339,28,95,6110,One year,Electronic Check,No,1,0,210.68965517241378
C00340,4,20,5182,Two year,Bank Transfer,Yes,1,0,1036.4
C00341,68,46,7768,Month-to-month,Electronic Check,No,0,0,112.57971014492753
C00342,58,142,1452,One year,Credit Card,Yes,1,0,24.610169491525422
C00343,67,67,1052,Month-to-month,Electronic Check,Yes,1,0,15.470588235294118
C00344,32,80,2998,Two year,Electronic Check,Yes,1,0,90.84848484848484
C00345,65,29,3138,One year,Bank Transfer,No,1,0,47.54545454545455
C00346,10,89,6631,Month-to-month,Electronic Check,No,0,1,602.8181818181819
C00347,65,178,4809,One year,Electronic Check,No,0,0,72.86363636363636
C00348,3,129,7607,Month-to-month,Bank Transfer,No,1,1,1901.75
C00349,32,138,714,One year,Electronic Check,No,0,0,21.636363636363637
C00350,54,181,6354,Month-to-month,Electronic Check,Yes,0,0,115.52727272727273
C00351,57,187,774,One year,Bank Transfer,Yes,0,0,13.344827586206897
C00352,34,38,7888,Month-to-month,Credit Card,Yes,1,0,225.37142857142857
C00353,6,137,4804,One year,Electronic Check,Yes,0,1,686.2857142857143
C00354,7,54,1631,One year,Credit Card,Yes,1,0,203.875
C00355,39,170,4762,Month-to-month,Electronic Check,No,0,0,119.05
C00356,44,68,1931,Two year,Bank Transfer,No,1,0,42.91111111111111
C00357,47,46,7361,One year,Credit Card,Yes,1,0,153.35416666666666
C00358,66,184,1534,Month-to-month,Electronic Check,Yes,0,0,22.895522388059703
C00359,46,119,656,Month-to-month,Bank Transfer,No,1,0,13.957446808510639
C00360,49,168,4471,Two year,Bank Transfer,Yes,1,0,89.42
C00361,45,118,4416,Two year,Bank Transfer,No,0,0,96.0
C00362,5,134,3651,One year,Credit Card,Yes,1,1,608.5
C00363,30,138,1585,One year,Bank Transfer,Yes,0,0,51.12903225806452
C00364,48,53,7371,Two year,Credit Card,No,0,0,150.42857142857142
C00365,17,24,1389,One year,Bank Transfer,No,0,0,77.16666666666667
C00366,17,124,1196,Month-to-month,Credit Card,No,1,0,66.44444444444444
C00367,33,101,2979,Two year,Credit Card,Yes,0,0,87.61764705882354
C00368,10,81,5158,One year,Electronic Check,Yes,1,0,468.90909090909093
C00369,37,58,5083,Month-to-month,Credit Card,No,1,0,133.76315789473685
C00370,32,148,2526,Two year,Electronic Check,No,1,0,76.54545454545455
C00371,20,49,5058,One year,Electronic Check,No,1,0,240.85714285714286
C00372,14,27,2388,Two year,Bank Transfer,Yes,0,0,159.2
C00373,57,126,1514,Month-to-month,Bank Transfer,Yes,0,0,26.103448275862068
C00374,40,130,5612,One year,Electronic Check,Yes,1,0,136.8780487804878
C00375,29,20,4628,One year,Bank Transfer,Yes,1,0,154.26666666666668
C00376,33,196,2107,One year,Bank Transfer,Yes,0,0,61.970588235294116
C00377,36,192,3483,One year,Electronic Check,No,0,0,94.13513513513513
C00378,31,181,4712,Two year,Bank Transfer,No,1,0,147.25
C00379,41,76,4187,Two year,Bank Transfer,No,1,0,99.69047619047619
C00380,21,180,3061,One year,Bank Transfer,No,0,0,139.13636363636363
C00381,68,67,2144,Two year,Credit Card,Yes,1,0,31.07246376811594
C00382,67,64,5558,One year,Credit Card,Yes,0,0,81.73529411764706
C00383,24,185,1550,Two year,Electronic Check,No,1,0,62.0
C00384,47,187,4343,One year,Bank Transfer,Yes,1,0,90.47916666666667
C00385,1,188,7165,Month-to-month,Bank Transfer,No,0,1,3582.5
C00386,25,90,1649,Month-to-month,Credit Card,No,1,0,63.42307692307692
C00387,70,168,2375,One year,Bank Transfer,Yes,0,0,33.45070422535211
C00388,42,156,2302,Two year,Electronic Check,No,0,0,53.53488372093023
C00389,42,126,5532,Month-to-month,Credit Card,No,0,0,128.65116279069767
C00390,4,105,2534,Month-to-month,Electronic Check,Yes,0,1,506.8
C00391,3,79,1299,One year,Credit Card,No,1,0,324.75
C00392,56,147,253,Month-to-month,Credit Card,Yes,0,0,4.43859649122807
C00393,6,63,2156,Month-to-month,Credit Card,Yes,1,1,308.0
C00394,22,65,1947,Month-to-month,Bank Transfer,Yes,1,0,84.65217391304348
C00395,61,116,6302,One year,Electronic Check,Yes,0,0,101.64516129032258
C00396,57,134,2241,Month-to-month,Electronic Check,Yes,1,0,38.63793103448276
C00397,5,39,3370,Month-to-month,Credit Card,Yes,0,1,561.6666666666666
C00398,59,95,7232,Two year,Credit Card,Yes,1,0,120.53333333333333
C00399,62,159,446,One year,Bank Transfer,No,0,0,7.079365079365079
C00400,53,27,4429,Two year,Electronic Check,No,0,0,82.01851851851852
C00401,6,198,6427,Month-to-month,Credit Card,No,1,1,918.1428571428571
C00402,45,199,7564,Month-to-month,Credit Card,Yes,0,0,164.43478260869566
C00403,69,115,4730,One year,Credit Card,Yes,1,0,67.57142857142857
C00404,20,37,4631,Month-to-month,Electronic Check,No,0,0,220.52380952380952
C00405,25,184,7662,Month-to-month,Credit Card,No,1,0,294.6923076923077
C00406,45,104,2541,Month-to-month,Electronic Check,No,1,0,55.23913043478261
C00407,3,75,3048,One year,Electronic Check,No,0,0,762.0
C00408,5,44,7840,One year,Credit Card,No,0,0,1306.6666666666667
C00409,48,46,6056,Month-to-month,Bank Transfer,No,0,0,123.59183673469387
C00410,48,149,7690,Month-to-month,Bank Transfer,Yes,1,0,156.9387755102041
C00411,23,134,4413,One year,Electronic Check,No,1,0,183.875
C00412,48,95,1168,One year,Bank Transfer,Yes,0,0,23.836734693877553
C00413,64,131,3127,Two year,Electronic Check,No,0,0,48.10769230769231
C00414,2,158,3460,Two year,Electronic Check,No,0,0,1153.3333333333333
C00415,48,87,6197,One year,Credit Card,Yes,1,0,126.46938775510205
C00416,48,151,530,Two year,Credit Card,Yes,0,0,10.816326530612244
C00417,51,83,7409,Two year,Bank Transfer,Yes,0,0,142.48076923076923
C00418,59,183,4605,One year,Electronic Check,Yes,0,0,76.75
C00419,35,113,6754,Month-to-month,Bank Transfer,No,1,0,187.61111111111111
C00420,18,53,6260,Month-to-month,Bank Transfer,Yes,0,0,329.4736842105263
C00421,39,146,3886,One year,Bank Transfer,Yes,1,0,97.15
C00422,14,158,1718,One year,Bank Transfer,No,1,0,114.53333333333333
C00423,5,172,2066,One year,Bank Transfer,No,1,0,344.3333333333333
C00424,5,93,3720,Month-to-month,Credit Card,Yes,0,1,620.0
C00425,52,47,7270,Two year,Electronic Check,Yes,0,0,137.16981132075472
C00426,54,61,1714,Month-to-month,Bank Transfer,No,1,0,31.163636363636364
C00427,34,191,4220,One year,Bank Transfer,Yes,0,0,120.57142857142857
C00428,3,178,1423,Month-to-month,Credit Card,Yes,1,1,355.75
C00429,36,169,7102,One year,Electronic Check,No,1,0,191.94594594594594
C00430,10,21,4968,One year,Electronic Check,No,1,0,451.6363636363636
C00431,70,156,2011,Two year,Credit Card,Yes,0,0,28.323943661971832
C00432,62,116,2103,One year,Electronic Check,No,1,0,33.38095238095238
C00433,14,162,325,Two year,Credit Card,Yes,0,0,21.666666666666668
C00434,67,21,5850,Two year,Electronic Check,Yes,0,0,86.02941176470588
C00435,8,152,499,Month-to-month,Electronic Check,No,0,1,55.44444444444444
C00436,29,151,1329,Month-to-month,Bank Transfer,Yes,1,0,44.3
C00437,30,100,3098,Month-to-month,Electronic Check,No,0,0,99.93548387096774
C00438,68,93,3075,Month-to-month,Credit Card,Yes,0,0,44.56521739130435
C00439,46,76,5865,One year,Electronic Check,No,1,0,124.7872340425532
C00440,60,47,6373,Month-to-month,Credit Card,No,1,0,104.47540983606558
C00441,61,26,3471,One year,Credit Card,No,0,0,55.983870967741936
C00442,52,70,5784,Two year,Electronic Check,No,0,0,109.13207547169812
C00443,29,85,5965,Two year,Credit Card,No,0,0,198.83333333333334
C00444,59,126,6287,One year,Credit Card,No,1,0,104.78333333333333
C00445,58,150,5290,One year,Credit Card,No,1,0,89.66101694915254
C00446,8,168,7608,Two year,Credit Card,No,0,0,845.3333333333334
C00447,13,190,6568,Month-to-month,Electronic Check,Yes,1,0,469.14285714285717
C00448,50,190,6770,Month-to-month,Credit Card,No,1,0,132.7450980392157
C00449,59,165,7758,One year,Electronic Check,Yes,1,0,129.3
C00450,15,113,6537,Two year,Electronic Check,No,1,0,408.5625
C00451,64,57,5241,One year,Electronic Check,No,0,0,80.63076923076923
C00452,19,192,2908,One year,Credit Card,No,1,0,145.4
C00453,36,67,4566,Month-to-month,Electronic Check,No,1,0,123.4054054054054
C00454,68,24,3316,One year,Bank Transfer,No,0,0,48.05797101449275
C00455,10,34,5589,Month-to-month,Credit Card,No,0,1,508.09090909090907
C00456,1,30,6242,Two year,Bank Transfer,No,0,0,3121.0
C00457,31,160,5208,One year,Electronic Check,Yes,1,0,162.75
C00458,1,186,622,Two year,Electronic Check,Yes,1,1,311.0
C00459,53,102,7501,Month-to-month,Credit Card,No,1,0,138.90740740740742
C00460,28,187,3207,One year,Electronic Check,Yes,0,0,110.58620689655173
C00461,49,80,3534,Month-to-month,Credit Card,No,1,0,70.68
C00462,40,158,4093,One year,Electronic Check,Yes,0,0,99.82926829268293
C00463,56,143,6530,One year,Bank Transfer,Yes,1,0,114.56140350877193
C00464,10,168,5667,One year,Electronic Check,Yes,1,1,515.1818181818181
C00465,63,125,6204,Month-to-month,Bank Transfer,No,0,0,96.9375
C00466,38,59,3970,One year,Credit Card,No,0,0,101.7948717948718
C00467,46,37,5635,Two year,Electronic Check,No,0,0,119.8936170212766
C00468,23,23,4012,One year,Electronic Check,Yes,1,0,167.16666666666666
C00469,53,146,6760,One year,Bank Transfer,Yes,1,0,125.18518518518519
C00470,6,115,4534,Month-to-month,Bank Transfer,Yes,1,1,647.7142857142857
C00471,2,194,5397,Month-to-month,Electronic Check,Yes,0,1,1799.0
C00472,52,55,2628,Month-to-month,Credit Card,No,1,0,49.58490566037736
C00473,45,187,1946,One year,Electronic Check,Yes,0,0,42.30434782608695
C00474,13,106,5999,Two year,Credit Card,No,1,0,428.5
C00475,19,82,7583,Month-to-month,Credit Card,Yes,0,0,379.15
C00476,44,24,6003,Two year,Credit Card,Yes,1,0,133.4
C00477,14,131,903,Two year,Electronic Check,Yes,1,0,60.2
C00478,29,117,3187,Two year,Electronic Check,Yes,1,0,106.23333333333333
C00479,32,59,4807,Month-to-month,Credit Card,No,1,0,145.66666666666666
C00480,11,160,4666,Two year,Credit Card,No,0,1,388.8333333333333
C00481,69,58,3105,One year,Electronic Check,Yes,0,0,44.357142857142854
C00482,32,199,5789,Month-to-month,Electronic Check,Yes,0,0,175.42424242424244
C00483,13,189,6302,Two year,Bank Transfer,No,0,0,450.14285714285717
C00484,27,147,7103,Two year,Credit Card,Yes,1,0,253.67857142857142
C00485,50,74,7599,Month-to-month,Credit Card,No,1,0,149.0
C00486,66,67,6774,Month-to-month,Bank Transfer,No,1,0,101.1044776119403
C00487,57,165,5425,Month-to-month,Credit Card,No,0,0,93.53448275862068
C00488,9,72,2417,Month-to-month,Electronic Check,Yes,1,1,241.7
C00489,66,156,677,Month-to-month,Credit Card,Yes,0,0,10.104477611940299
C00490,56,52,4061,One year,Electronic Check,Yes,1,0,71.24561403508773
C00491,44,30,4695,One year,Credit Card,Yes,1,0,104.33333333333333
C00492,54,123,7652,Month-to-month,Electronic Check,No,1,0,139.12727272727273
C00493,2,114,5468,One year,Credit Card,Yes,1,0,1822.6666666666667
C00494,68,128,2102,Month-to-month,Electronic Check,Yes,1,0,30.463768115942027
C00495,22,164,2339,One year,Credit Card,No,0,0,101.69565217391305
C00496,50,128,6970,Month-to-month,Credit Card,Yes,1,0,136.66666666666666
C00497,2,49,5917,Two year,Bank Transfer,No,1,0,1972.3333333333333
C00498,46,198,2158,Month-to-month,Bank Transfer,No,0,0,45.91489361702128
C00499,1,185,5755,Two year,Credit Card,Yes,1,1,2877.5
C00500,27,181,4292,Month-to-month,Bank Transfer,No,1,0,153.28571428571428
